Ermenegildo;Verdi;ermenegildo.verdi@hotmail.com;Ermeverdo1!;C;
Osvaldo;Deverobis;osvaldo.deverobis@hotmail.com;Osvaldodeve1?;C;
Paolino;Paperino;paolino.paperino@duckduckgo.com;Paopap90$;C;
Pietro;Biasotti;pietrobiasotti@gmsil.com;PietroBiasotti04€;C;
Christian;Canossa;christian.canossa@gmail.com;ChrisCanos1!;A;
Mario;Rossi;mario.rossi@gmail.com;MarioRossi1#;A;
Pippo;Guff;pippo.guff@gmail.com;PippoGuff1°;A;
Marco;Trauzzi;marco.trauzzi@gmail.com;MarcoTrauzzi1^;C;
Pippolo;Poppi;pippolo.poppi@gmail.com;PippoloPoppi1&;C;